{"title": {"available": true, "value": "Insulated stainless steel water bottle with straw for sports and travel, BPA-free, 32oz capacity.", "optional": false}, "listprice": {"available": false, "value": 0, "optional": true}, "currentprice": {"available": true, "value": 32.99, "optional": false}, "discount": {"available": false, "value": 0, "optional": true}, "coupon": {"available": false, "value": 0, "optional": true}, "voucher": {"available": true, "value": "abcde", "optional": false}, "finalprice": {"available": true, "value": 21.99, "optional": false}, "rating": {"available": true, "value": 4.7, "optional": true}, "productimages": {"available": true, "value": ["C:\\Users\\varun\\Desktop\\AIReels\\git_repo/primepickzvr_cache/product_data/product_image_db/image_0.png", "C:\\Users\\varun\\Desktop\\AIReels\\git_repo/primepickzvr_cache/product_data/product_image_db/image_1.png", "C:\\Users\\varun\\Desktop\\AIReels\\git_repo/primepickzvr_cache/product_data/product_image_db/image_2.png", "C:\\Users\\varun\\Desktop\\AIReels\\git_repo/primepickzvr_cache/product_data/product_image_db/image_3.png", "C:\\Users\\varun\\Desktop\\AIReels\\git_repo/primepickzvr_cache/product_data/product_image_db/image_4.png", "C:\\Users\\varun\\Desktop\\AIReels\\git_repo/primepickzvr_cache/product_data/product_image_db/image_5.png"], "optional": false}, "priceimage": {"available": true, "value": "C:\\Users\\varun\\Desktop\\AIReels\\git_repo/primepickzvr_cache/product_data/misc_image_db/priceimage.png", "optional": false}, "checkoutimage": {"available": true, "value": "C:\\Users\\varun\\Desktop\\AIReels\\git_repo/primepickzvr_cache/product_data/misc_image_db/checkoutimage.png", "optional": false}}